product_type,selected_for_tabs
12V Hanging Light,yes
2025-Undercabinet lights,yes
4 oz Geotextile,yes
6 oz Geotextile,yes
8 oz Geotextile,yes
Accessory,yes
Ambient Lights,yes
Automotive Ballast,yes
Automotive LED Bulb,yes
Automotive LED Light,yes
Ballast,yes
Cabinet Light,yes
Ceiling Fan,yes
Ceiling Fan Control,yes
Ceiling Fan Filters,yes
Ceiling Fan Light,yes
Ceiling Fan_2025,yes
Ceiling Light,yes
Ceiling Light Fixtures,yes
Christmas Light,yes
Circuit Breaker,yes
Closet Lighting,yes
Crystal Lamp,yes
Deck Light,yes
decorative lights,yes
Decorative Lights,yes
Decorative Solar Light,yes
Dimmer Knob,yes
Dimmer Switch,yes
Dining Table,yes
Flashlights,yes
Flood Light Bulb,yes
Floor Lamp,yes
G4 Light Bulb,yes
Grow light,yes
Grow light - 2025,yes
Halogen Bulb,yes
Halogen Transformer,yes
Hanging Light,yes
hardscape lights,yes
Hardscape Paver,yes
Honeycomb Louver,yes
Indoor Hanging Light,yes
Indoor Wall Light,yes
Indoor Wall Lights,yes
Landscape Lighting Transformer,yes
Landscape Transformers,yes
LED bulb,yes
LED Bulb,yes
LED Bulb with Remote,yes
LED Bulbs,yes
LED Driver,yes
LED light,yes
Light Bulb,yes
Light Fixture,yes
Light Fixture Mount,yes
Low Voltage Wire,yes
MR11 Halogen Bulb,yes
MR16 Halogen Bulb,yes
MR16 Light Bulb,yes
MR8 Light Bulb,yes
Outdoor Wall Lights,yes
PAR36 Light Bulb,yes
Path Light Accessories,yes
Path Light Fixture,yes
photocell sensor,yes
Portable LED Bulb,yes
Portable LED Light Fixture,yes
portable lights,yes
Portable lights,yes
Projector Light,yes
Reading light,yes
Recessed Light Fixtures,yes
Smart Ceiling Light,yes
Smart Dimmer Switch,yes
Smart Plug,yes
Smart Wall Lights,yes
Solar Light,yes
Solar Lights,yes
solar Wall Light,yes
Solar Wall Light,yes
Spike,yes
Spike Mount,yes
Spot Light,yes
Spot Light Fixture,yes
Step Light,yes
String Lights,yes
Strip and Rope Light,yes
Strip light,yes
Strip Light,yes
Table Lamp,yes
Table Lamps,yes
Timer,yes
Touch Dimmer,yes
Transformer,yes
Transformer Accessories,yes
Under Cabinet Light,yes
Undercabinet Light,yes
Underwater Light Fixture,yes
Wall Lights,yes
Wall Mount Fixture,yes
Wedge Light Bulb,yes
Weed Barrier,yes
Well Light,yes
Well Light Fixture,yes
Wholesale - Spot Light Fixture,yes
Wire Terminals & Connectors,yes
Work Light,yes
